aaaaa
Amit Koparkar -> amyako
Manish Sharma -> ManishS59902917
ashu -> ashujotu
Imran Ahmad -> logontoimran
Sagar -> sagarFrmHapur
Kishor Bhagwat -> KGBhagwat
mahendra tiwari -> mahenTiwari
HRPraxis -> hrpraxisnepal
sachbel2001 -> SaSachbel2001
pradeepthorat -> PradeepThorat80
Yogesh Kumar -> KrsoniYogesh1
Vinita Kelkar -> KelkarVinita
Nishant Tekhre -> tekhre
C.Talal AL-Mashaikhi -> Gollden_t
hozmat -> hozmat
haridini belan -> haridini05
Swanand Agashe -> SwanandAgashe
Vivek Shinde -> vivekshinde6575
Elie Zakhour -> ezakhour1
Rahul Sonar -> rahulsonar
Mohd Rashid -> torashid
Sopan A Talekar -> s_a_talekar
Ketan Sonar -> ketan_95
LongShortCalls -> LongShortCalls
Amit Chotiya -> AmiTimA
Suhasini -> SuhasiniPise
Akbari -> Akbarionline
Sanjay -> sangaai
bhavesh shah -> shahbhaveshs
Purushottam -> drneurgaonkar
Bhupal Limaye -> bhupsy
Supriya Deshmukh -> supideshmukh
KHUSHI BAWARI -> KBawari
Angel Cano -> Angel_Cano18
shalaka -> shalakajoshi10
gayatri kelkar -> nilakshee710
Pushkar Joshi -> push7joshi
Chinmay Dixit -> Swarabhishek
Manasi Deshpande -> ashna_2102
Girish -> grb0007
Big Data -> BigData_
Shree HomoeoPharmacy -> Shree_Homoeo
amit ambre -> ambreamit
Sunil Prasad -> sunil_prasad
Seema Sardeshmukh -> seema1505
Santosh Sutar -> ssutar
Varun Mohta -> varun_mohta
Test Message[object Object]
